<?xml version="1.0" encoding="UTF-8"?>
<project-private xmlns="http://www.netbeans.org/ns/project-private/1">
    <editor-bookmarks xmlns="http://www.netbeans.org/ns/editor-bookmarks/2" lastBookmarkId="0"/>
    <open-files xmlns="http://www.netbeans.org/ns/projectui-open-files/2">
        <group>
            <file>file:/C:/Users/giova/Downloads/TrabalhoSO2_Cara_a_Cara_2/TrabalhoSO2_Cara_a_Cara_denovo/src/src/Servidor.java</file>
            <file>file:/C:/Users/giova/Downloads/TrabalhoSO2_Cara_a_Cara_2/TrabalhoSO2_Cara_a_Cara_denovo/src/nova/ServidorSocket.java</file>
        </group>
    </open-files>
</project-private>
